country,country_iso2,country_iso3,reported_facilities,as_of,tracker,published_by,source_url
United States,US,USA,3960,2026-02-18,Data Center Map,Visual Capitalist,https://www.visualcapitalist.com/mapped-countries-with-most-data-centers/
United Kingdom,GB,GBR,498,2026-02-18,Data Center Map,Visual Capitalist,https://www.visualcapitalist.com/mapped-countries-with-most-data-centers/
Germany,DE,DEU,470,2026-02-18,Data Center Map,Visual Capitalist,https://www.visualcapitalist.com/mapped-countries-with-most-data-centers/
China,CN,CHN,365,2026-02-18,Data Center Map,Visual Capitalist,https://www.visualcapitalist.com/mapped-countries-with-most-data-centers/
France,FR,FRA,335,2026-02-18,Data Center Map,Visual Capitalist,https://www.visualcapitalist.com/mapped-countries-with-most-data-centers/
Canada,CA,CAN,285,2026-02-18,Data Center Map,Visual Capitalist,https://www.visualcapitalist.com/mapped-countries-with-most-data-centers/
India,IN,IND,275,2026-02-18,Data Center Map,Visual Capitalist,https://www.visualcapitalist.com/mapped-countries-with-most-data-centers/
Australia,AU,AUS,268,2026-02-18,Data Center Map,Visual Capitalist,https://www.visualcapitalist.com/mapped-countries-with-most-data-centers/
Japan,JP,JPN,249,2026-02-18,Data Center Map,Visual Capitalist,https://www.visualcapitalist.com/mapped-countries-with-most-data-centers/
Italy,IT,ITA,206,2026-02-18,Data Center Map,Visual Capitalist,https://www.visualcapitalist.com/mapped-countries-with-most-data-centers/
Brazil,BR,BRA,198,2026-02-18,Data Center Map,Visual Capitalist,https://www.visualcapitalist.com/mapped-countries-with-most-data-centers/
Spain,ES,ESP,189,2026-02-18,Data Center Map,Visual Capitalist,https://www.visualcapitalist.com/mapped-countries-with-most-data-centers/
Netherlands,NL,NLD,186,2026-02-18,Data Center Map,Visual Capitalist,https://www.visualcapitalist.com/mapped-countries-with-most-data-centers/
Indonesia,ID,IDN,184,2026-02-18,Data Center Map,Visual Capitalist,https://www.visualcapitalist.com/mapped-countries-with-most-data-centers/
Russia,RU,RUS,178,2026-02-18,Data Center Map,Visual Capitalist,https://www.visualcapitalist.com/mapped-countries-with-most-data-centers/
Ireland,IE,IRL,128,2026-02-18,Data Center Map,Visual Capitalist,https://www.visualcapitalist.com/mapped-countries-with-most-data-centers/
Switzerland,CH,CHE,113,2026-02-18,Data Center Map,Visual Capitalist,https://www.visualcapitalist.com/mapped-countries-with-most-data-centers/
Sweden,SE,SWE,110,2026-02-18,Data Center Map,Visual Capitalist,https://www.visualcapitalist.com/mapped-countries-with-most-data-centers/
Malaysia,MY,MYS,109,2026-02-18,Data Center Map,Visual Capitalist,https://www.visualcapitalist.com/mapped-countries-with-most-data-centers/
Poland,PL,POL,97,2026-02-18,Data Center Map,Visual Capitalist,https://www.visualcapitalist.com/mapped-countries-with-most-data-centers/
United States,US,USA,4088,2026-03,Data Center Map,Visual Capitalist,https://www.visualcapitalist.com/ranked-the-countries-with-the-most-data-centers/
Germany,DE,DEU,507,2026-03,Data Center Map,Visual Capitalist,https://www.visualcapitalist.com/ranked-the-countries-with-the-most-data-centers/
United Kingdom,GB,GBR,506,2026-03,Data Center Map,Visual Capitalist,https://www.visualcapitalist.com/ranked-the-countries-with-the-most-data-centers/
China,CN,CHN,369,2026-03,Data Center Map,Visual Capitalist,https://www.visualcapitalist.com/ranked-the-countries-with-the-most-data-centers/
France,FR,FRA,346,2026-03,Data Center Map,Visual Capitalist,https://www.visualcapitalist.com/ranked-the-countries-with-the-most-data-centers/
Canada,CA,CAN,286,2026-03,Data Center Map,Visual Capitalist,https://www.visualcapitalist.com/ranked-the-countries-with-the-most-data-centers/
India,IN,IND,278,2026-03,Data Center Map,Visual Capitalist,https://www.visualcapitalist.com/ranked-the-countries-with-the-most-data-centers/
Australia,AU,AUS,270,2026-03,Data Center Map,Visual Capitalist,https://www.visualcapitalist.com/ranked-the-countries-with-the-most-data-centers/
Japan,JP,JPN,255,2026-03,Data Center Map,Visual Capitalist,https://www.visualcapitalist.com/ranked-the-countries-with-the-most-data-centers/
Italy,IT,ITA,216,2026-03,Data Center Map,Visual Capitalist,https://www.visualcapitalist.com/ranked-the-countries-with-the-most-data-centers/
Brazil,BR,BRA,204,2026-03,Data Center Map,Visual Capitalist,https://www.visualcapitalist.com/ranked-the-countries-with-the-most-data-centers/
Spain,ES,ESP,195,2026-03,Data Center Map,Visual Capitalist,https://www.visualcapitalist.com/ranked-the-countries-with-the-most-data-centers/
Netherlands,NL,NLD,187,2026-03,Data Center Map,Visual Capitalist,https://www.visualcapitalist.com/ranked-the-countries-with-the-most-data-centers/
Indonesia,ID,IDN,185,2026-03,Data Center Map,Visual Capitalist,https://www.visualcapitalist.com/ranked-the-countries-with-the-most-data-centers/
Russia,RU,RUS,181,2026-03,Data Center Map,Visual Capitalist,https://www.visualcapitalist.com/ranked-the-countries-with-the-most-data-centers/
Ireland,IE,IRL,127,2026-03,Data Center Map,Visual Capitalist,https://www.visualcapitalist.com/ranked-the-countries-with-the-most-data-centers/
Switzerland,CH,CHE,114,2026-03,Data Center Map,Visual Capitalist,https://www.visualcapitalist.com/ranked-the-countries-with-the-most-data-centers/
Sweden,SE,SWE,110,2026-03,Data Center Map,Visual Capitalist,https://www.visualcapitalist.com/ranked-the-countries-with-the-most-data-centers/
Finland,FI,FIN,105,2026-03,Data Center Map,Visual Capitalist,https://www.visualcapitalist.com/ranked-the-countries-with-the-most-data-centers/
Poland,PL,POL,99,2026-03,Data Center Map,Visual Capitalist,https://www.visualcapitalist.com/ranked-the-countries-with-the-most-data-centers/
Norway,NO,NOR,92,2026-03,Data Center Map,Visual Capitalist,https://www.visualcapitalist.com/ranked-the-countries-with-the-most-data-centers/
Denmark,DK,DNK,82,2026-03,Data Center Map,Visual Capitalist,https://www.visualcapitalist.com/ranked-the-countries-with-the-most-data-centers/
Turkiye,TR,TUR,76,2026-03,Data Center Map,Visual Capitalist,https://www.visualcapitalist.com/ranked-the-countries-with-the-most-data-centers/
Mexico,MX,MEX,64,2026-03,Data Center Map,Visual Capitalist,https://www.visualcapitalist.com/ranked-the-countries-with-the-most-data-centers/
Romania,RO,ROU,63,2026-03,Data Center Map,Visual Capitalist,https://www.visualcapitalist.com/ranked-the-countries-with-the-most-data-centers/
Austria,AT,AUT,53,2026-03,Data Center Map,Visual Capitalist,https://www.visualcapitalist.com/ranked-the-countries-with-the-most-data-centers/
Belgium,BE,BEL,48,2026-03,Data Center Map,Visual Capitalist,https://www.visualcapitalist.com/ranked-the-countries-with-the-most-data-centers/
Portugal,PT,PRT,45,2026-03,Data Center Map,Visual Capitalist,https://www.visualcapitalist.com/ranked-the-countries-with-the-most-data-centers/
Ukraine,UA,UKR,37,2026-03,Data Center Map,Visual Capitalist,https://www.visualcapitalist.com/ranked-the-countries-with-the-most-data-centers/
Bulgaria,BG,BGR,31,2026-03,Data Center Map,Visual Capitalist,https://www.visualcapitalist.com/ranked-the-countries-with-the-most-data-centers/
Czechia,CZ,CZE,26,2026-03,Data Center Map,Visual Capitalist,https://www.visualcapitalist.com/ranked-the-countries-with-the-most-data-centers/
Greece,GR,GRC,26,2026-03,Data Center Map,Visual Capitalist,https://www.visualcapitalist.com/ranked-the-countries-with-the-most-data-centers/
Latvia,LV,LVA,24,2026-03,Data Center Map,Visual Capitalist,https://www.visualcapitalist.com/ranked-the-countries-with-the-most-data-centers/
Lithuania,LT,LTU,20,2026-03,Data Center Map,Visual Capitalist,https://www.visualcapitalist.com/ranked-the-countries-with-the-most-data-centers/
Slovenia,SI,SVN,20,2026-03,Data Center Map,Visual Capitalist,https://www.visualcapitalist.com/ranked-the-countries-with-the-most-data-centers/
Cyprus,CY,CYP,18,2026-03,Data Center Map,Visual Capitalist,https://www.visualcapitalist.com/ranked-the-countries-with-the-most-data-centers/
Hungary,HU,HUN,17,2026-03,Data Center Map,Visual Capitalist,https://www.visualcapitalist.com/ranked-the-countries-with-the-most-data-centers/
Luxembourg,LU,LUX,16,2026-03,Data Center Map,Visual Capitalist,https://www.visualcapitalist.com/ranked-the-countries-with-the-most-data-centers/
Croatia,HR,HRV,16,2026-03,Data Center Map,Visual Capitalist,https://www.visualcapitalist.com/ranked-the-countries-with-the-most-data-centers/
Slovakia,SK,SVK,13,2026-03,Data Center Map,Visual Capitalist,https://www.visualcapitalist.com/ranked-the-countries-with-the-most-data-centers/
Serbia,RS,SRB,13,2026-03,Data Center Map,Visual Capitalist,https://www.visualcapitalist.com/ranked-the-countries-with-the-most-data-centers/
Estonia,EE,EST,12,2026-03,Data Center Map,Visual Capitalist,https://www.visualcapitalist.com/ranked-the-countries-with-the-most-data-centers/
Iceland,IS,ISL,12,2026-03,Data Center Map,Visual Capitalist,https://www.visualcapitalist.com/ranked-the-countries-with-the-most-data-centers/
Malta,MT,MLT,12,2026-03,Data Center Map,Visual Capitalist,https://www.visualcapitalist.com/ranked-the-countries-with-the-most-data-centers/
North Macedonia,MK,MKD,7,2026-03,Data Center Map,Visual Capitalist,https://www.visualcapitalist.com/ranked-the-countries-with-the-most-data-centers/
Moldova,MD,MDA,6,2026-03,Data Center Map,Visual Capitalist,https://www.visualcapitalist.com/ranked-the-countries-with-the-most-data-centers/
Georgia,GE,GEO,4,2026-03,Data Center Map,Visual Capitalist,https://www.visualcapitalist.com/ranked-the-countries-with-the-most-data-centers/
Bosnia and Herzegovina,BA,BIH,4,2026-03,Data Center Map,Visual Capitalist,https://www.visualcapitalist.com/ranked-the-countries-with-the-most-data-centers/
Monaco,MC,MCO,3,2026-03,Data Center Map,Visual Capitalist,https://www.visualcapitalist.com/ranked-the-countries-with-the-most-data-centers/
Azerbaijan,AZ,AZE,3,2026-03,Data Center Map,Visual Capitalist,https://www.visualcapitalist.com/ranked-the-countries-with-the-most-data-centers/
Belarus,BY,BLR,2,2026-03,Data Center Map,Visual Capitalist,https://www.visualcapitalist.com/ranked-the-countries-with-the-most-data-centers/
